title,organization,location,stipend,skills,duration,type,source,apply_link,scraped_at
WordPress Development,"Groweazy Digital Private Limited                        
Actively hiring",Lucknow,"₹ 8,000 - 10,000 /month",,3 Months,Internship,Internshala,https://internshala.com/internship/detail/wordpress-development-internship-in-lucknow-at-groweazy-digital-private-limited1766034893,2026-01-11 06:18:54
Graphic Design,"Surge Media                        
Actively hiring",Mumbai,"₹ 12,000 - 15,000 /month",,4 Months,Internship,Internshala,https://internshala.com/internship/detail/graphic-design-internship-in-mumbai-at-surge-media1766484774,2026-01-11 06:18:54
Project Management,"DHARANI LIFE SKILLS PRIVATE LIMITED                        
Actively hiring","Ranga Reddy, Medchal District","₹ 13,500 - 15,500 /month",,3 Months,Internship,Internshala,https://internshala.com/internship/detail/project-management-internship-in-multiple-locations-at-dharani-life-skills-private-limited1766117390,2026-01-11 06:18:54
Marketing And Growth,"Grexa AI Private Limited                        
Actively hiring","Thane, Navi Mumbai, Dombivli, Mumbai, Vashi, Panvel","₹ 10,000 - 20,000 /month",,6 Months,Internship,Internshala,https://internshala.com/internship/detail/marketing-and-growth-internship-in-multiple-locations-at-grexa-ai-private-limited1767867868,2026-01-11 06:18:54
Graphic Design,"StoryMirror Infotech Private Limited                        
Actively hiring",Mumbai,"₹ 8,000 - 12,000 /month",,3 Months,Internship,Internshala,https://internshala.com/internship/detail/graphic-design-internship-in-mumbai-at-storymirror-infotech-private-limited1767853349,2026-01-11 06:18:54
Wordpress Developer,"Forward Impact                        
Actively hiring",Indore,"₹ 6,000 - 15,000 /month",,2 Months,Internship,Internshala,https://internshala.com/internship/detail/wordpress-developer-internship-in-indore-at-forward-impact1767616282,2026-01-11 06:18:54
Video Editing/Making,"StoryMirror Infotech Private Limited                        
Actively hiring",Mumbai,"₹ 8,000 - 15,000 /month",,3 Months,Internship,Internshala,https://internshala.com/internship/detail/video-editing-making-internship-in-mumbai-at-storymirror-infotech-private-limited1767861004,2026-01-11 06:18:54
Video Editor,"Coitonic Company                        
Actively hiring",Jaipur,"₹ 5,000 - 8,000 /month",,3 Months,Internship,Internshala,https://internshala.com/internship/detail/video-editor-internship-in-jaipur-at-coitonic-company1765885540,2026-01-11 06:18:54
Sales,"Relinns Technologies                        
Actively hiring",Mohali,"₹ 10,000 /month",,6 Months,Internship,Internshala,https://internshala.com/internship/detail/sales-internship-in-mohali-at-relinns-technologies1767963568,2026-01-11 06:18:54
Prompt Engineering,"Configtap                        
Actively hiring",Bangalore,"₹ 4,000 - 6,000 /month",,6 Months,Internship,Internshala,https://internshala.com/internship/detail/prompt-engineering-internship-in-bangalore-at-configtap1767962379,2026-01-11 06:18:54
,,,,,,Internship,Internshala,,2026-01-11 06:18:54
Content and Social Media Marketing,"P&M                        
Actively hiring","Delhi, Gurgaon","₹ 15,000 - 20,000 /month",,6 Months,Internship,Internshala,https://internshala.com/internship/detail/content-and-social-media-marketing-internship-in-multiple-locations-at-p-m1766821760,2026-01-11 06:18:54
AI Filmmaker And Content Creator,"Be Rolling Media                        
Actively hiring",Delhi,"₹ 6,000 - 8,000 /month",,4 Months,Internship,Internshala,https://internshala.com/internship/detail/ai-filmmaker-and-content-creator-internship-in-delhi-at-be-rolling-media1767951088,2026-01-11 06:18:54
Content and Social Media Marketing,"Sankar Group                        
Actively hiring","Bhubaneswar, Berhampur","₹ 3,000 - 5,000 /month",,6 Months,Internship,Internshala,https://internshala.com/internship/detail/content-and-social-media-marketing-internship-in-multiple-locations-at-sankar-group1767848797,2026-01-11 06:18:54
Artificial Intelligence (AI),"Raletta Technology Private Limited                        
Actively hiring",Indore,"₹ 2,000 - 2,500 /month",,3 Months,Internship,Internshala,https://internshala.com/internship/detail/artificial-intelligence-ai-internship-in-indore-at-raletta-technology-private-limited1766557063,2026-01-11 06:18:54
Artificial Intelligence (AI),"Karma Infratech                        
Actively hiring",Kanpur,"₹ 10,000 - 15,000 /month",,3 Months,Internship,Internshala,https://internshala.com/internship/detail/artificial-intelligence-ai-internship-in-kanpur-at-karma-infratech1765795884,2026-01-11 06:18:54
Brand Management,"Pinnacle Management & Utility Services                        
Actively hiring","Thane, Dombivli, Kalyan, Mumbai","₹ 6,000 - 12,000 /month",,6 Months,Internship,Internshala,https://internshala.com/internship/detail/brand-management-internship-in-multiple-locations-at-pinnacle-management-utility-services1767862458,2026-01-11 06:18:54
Junior STEM Mentor/Educator/Trainer/Junior Robotics Engineer,"STEMx                        
Actively hiring","Delhi, Pune, Thane, Shirpur, Navi Mumbai, Mumbai, Nagpur, Nashik","₹ 12,000 - 15,000 /month",,4 Months,Internship,Internshala,https://internshala.com/internship/detail/junior-stem-mentor-educator-trainer-junior-robotics-engineer-internship-in-multiple-locations-at-stemx1767932119,2026-01-11 06:18:54
Graphic Design,"Oytra                        
Actively hiring",Mumbai,"₹ 10,000 - 15,000 /month",,3 Months,Internship,Internshala,https://internshala.com/internship/detail/graphic-design-internship-in-mumbai-at-oytra1767160550,2026-01-11 06:18:54
AI Video Generator,The Ocean Marketing,"Virar, Vasai, Mira Bhayandar, Nala Sopara, Mumbai, Vasai-Virar, Vasai Road","₹ 5,500 - 10,000 /month",,6 Months,Internship,Internshala,https://internshala.com/internship/detail/ai-video-generator-internship-in-multiple-locations-at-the-ocean-marketing1767954012,2026-01-11 06:18:54
Social Media Marketing,Raya Studios,Delhi,"₹ 7,000 /month",,6 Months,Internship,Internshala,https://internshala.com/internship/detail/social-media-marketing-internship-in-delhi-at-raya-studios1767876051,2026-01-11 06:18:54
Artificial Intelligence (AI),Almost Magic Private Limited,"Chandigarh, Mohali, Panchkula","₹ 7,500 - 12,500 /month",,6 Months,Internship,Internshala,https://internshala.com/internship/detail/artificial-intelligence-ai-internship-in-multiple-locations-at-almost-magic-private-limited1767181676,2026-01-11 06:18:54
CRM Implementation– AI Assisted,Welcome Gifts,Mumbai,"₹ 2,000 - 5,000 /month",,6 Months,Internship,Internshala,https://internshala.com/internship/detail/crm-implementation-ai-assisted-internship-in-mumbai-at-welcome-gifts1766993161,2026-01-11 06:18:54
AI Developer Intern (6 Months Paid Internship),Forage AI,Work from home,Competitive stipend,,6 Months,Internship,Internshala,https://internshala.com/internship/detail/work-from-home-ai-developer-intern-6-months-paid-internship-internship-at-forage-ai1768091947,2026-01-11 06:18:54
Launch Your Tech Sales Career | Partner & Channel Intern (Multiple Cities),RankSecure,Maharashtra,Competitive stipend,,6 Months,Internship,Internshala,https://internshala.com/internship/detail/launch-your-tech-sales-career--partner-channel-intern-multiple-cities-internship-in-maharashtra-at-ranksecure1768041247,2026-01-11 06:18:54
Artificial Intelligence Engineer,Arrakis Traders Private Limited,Haryana,Competitive stipend,,6 Months,Internship,Internshala,https://internshala.com/internship/detail/artificial-intelligence-engineer-internship-in-haryana-at-arrakis-traders-private-limited1767958270,2026-01-11 06:18:54
Software Development Engineer - Intern,Fyora.ai,Delhi,Competitive stipend,,6 Months,Internship,Internshala,https://internshala.com/internship/detail/software-development-engineer-intern-internship-in-delhi-at-fyoraai1767955512,2026-01-11 06:18:54
Growth Intern,Agnost AI,Work from home,Competitive stipend,,6 Months,Internship,Internshala,https://internshala.com/internship/detail/work-from-home-growth-intern-internship-at-agnost-ai1767870368,2026-01-11 06:18:54
Remote Medicine Researcher,Turing,Work from home,Competitive stipend,,6 Months,Internship,Internshala,https://internshala.com/internship/detail/work-from-home-remote-medicine-researcher-internship-at-turing1767868512,2026-01-11 06:18:54
Prompt Engineer,Arrowhead,Work from home,Competitive stipend,,6 Months,Internship,Internshala,https://internshala.com/internship/detail/work-from-home-prompt-engineer-internship-at-arrowhead1767868392,2026-01-11 06:18:54
Machine Learning,"CloudZapier                        
Actively hiring",Work from home,"₹ 10,000 - 20,000 /month",,3 Months,Internship,Internshala,https://internshala.com/internship/detail/work-from-home-machine-learning-internship-at-cloudzapier1768107268,2026-01-11 06:18:54
Data Science,"CloudZapier                        
Actively hiring",Work from home,"₹ 10,000 - 20,000 /month",,3 Months,Internship,Internshala,https://internshala.com/internship/detail/work-from-home-data-science-internship-at-cloudzapier1768107189,2026-01-11 06:18:54
Artificial Intelligence (AI),"CloudZapier                        
Actively hiring",Work from home,"₹ 10,000 - 20,000 /month",,3 Months,Internship,Internshala,https://internshala.com/internship/detail/work-from-home-artificial-intelligence-ai-internship-at-cloudzapier1768107171,2026-01-11 06:18:54
Artificial Intelligence (AI),"Coding Junior                        
Actively hiring",Work from home,"₹ 2,000 /month",,6 Months,Internship,Internshala,https://internshala.com/internship/detail/work-from-home-artificial-intelligence-ai-internship-at-coding-junior1768052894,2026-01-11 06:18:54
AI Agent Fine Tuning,"International Institute Of SDGs & Public Policy Research                        
Actively hiring",Work from home,Unpaid,,3 Months,Internship,Internshala,https://internshala.com/internship/detail/work-from-home-part-time-ai-agent-fine-tuning-internship-at-international-institute-of-sdgs-public-policy-research1768026929,2026-01-11 06:18:54
AI Generalist,"Shivang                        
Actively hiring",Work from home,"₹ 10,000 - 12,001 /month",,6 Months,Internship,Internshala,https://internshala.com/internship/detail/work-from-home-ai-generalist-internship-at-shivang1768026234,2026-01-11 06:18:54
Data Science,"Amrata                        
Actively hiring",Work from home,"₹ 10,000 - 20,000 /month",,3 Months,Internship,Internshala,https://internshala.com/internship/detail/work-from-home-data-science-internship-at-amrata1768014086,2026-01-11 06:18:54
Artificial Intelligence (AI),"Amrata                        
Actively hiring",Work from home,"₹ 10,000 - 20,000 /month",,3 Months,Internship,Internshala,https://internshala.com/internship/detail/work-from-home-artificial-intelligence-ai-internship-at-amrata1768014057,2026-01-11 06:18:54
Machine Learning,"Amrata                        
Actively hiring",Work from home,"₹ 10,000 - 20,000 /month",,3 Months,Internship,Internshala,https://internshala.com/internship/detail/work-from-home-machine-learning-internship-at-amrata1768014031,2026-01-11 06:18:54
Machine Learning,"ServiceHive                        
Actively hiring",Work from home,"₹ 20,000 - 30,000 /month",,6 Months,Internship,Internshala,https://internshala.com/internship/detail/work-from-home-machine-learning-internship-at-servicehive1767959679,2026-01-11 06:18:54
AI Agent Development,"Atithi Guest House                        
Actively hiring",Work from home,"₹ 14,000 - 25,000 /month",,2 Months,Internship,Internshala,https://internshala.com/internship/detail/work-from-home-ai-agent-development-internship-at-atithi-guest-house1767956613,2026-01-11 06:18:54
Artificial Intelligence (AI),Lenn Chartered & Co,Work from home,"₹ 45,000 - 56,000 /month",,6 Months,Internship,Internshala,https://internshala.com/internship/detail/work-from-home-artificial-intelligence-ai-internship-at-lenn-chartered-co1767954664,2026-01-11 06:18:54
AI & Data Analytics,"Hamari Pahchan NGO                        
Actively hiring",Delhi,Unpaid,,3 Months,Internship,Internshala,https://internshala.com/internship/detail/ai-data-analytics-internship-in-delhi-at-hamari-pahchan-ngo1767946740,2026-01-11 06:18:54
AI Video Gen Artist,"SAS Group                        
Actively hiring",Work from home,"₹ 12,000 - 16,000 /month",,6 Months,Internship,Internshala,https://internshala.com/internship/detail/work-from-home-ai-video-gen-artist-internship-at-sas-group1767941534,2026-01-11 06:18:54
Tech – Backend & Data Processing,"Peoplsmith                        
Actively hiring",Mumbai,"₹ 25,000 - 30,000 /month",,3 Months,Internship,Internshala,https://internshala.com/internship/detail/tech--backend-data-processing-internship-in-mumbai-at-peoplsmith1767936656,2026-01-11 06:18:54
AI Agent Developer - Full Stack,"Wesourceu                        
Actively hiring",Work from home,"₹ 12,000 - 22,000 /month",,3 Months,Internship,Internshala,https://internshala.com/internship/detail/work-from-home-ai-agent-developer-full-stack-internship-at-wesourceu1767933047,2026-01-11 06:18:54
Knowledge Graph/Neo4j Developer,"Wesourceu                        
Actively hiring",Work from home,"₹ 10,000 - 15,000 /month",,3 Months,Internship,Internshala,https://internshala.com/internship/detail/work-from-home-knowledge-graph-neo4j-developer-internship-at-wesourceu1767932904,2026-01-11 06:18:54
Artificial Intelligence (AI),"CareerNest                        
Actively hiring",Work from home,"₹ 20,000 /month",,1 Month,Internship,Internshala,https://internshala.com/internship/detail/work-from-home-artificial-intelligence-ai-internship-at-careernest1767932302,2026-01-11 06:18:54
Machine Learning,"CareerNest                        
Actively hiring",Work from home,"₹ 10,000 - 25,000 /month",,2 Months,Internship,Internshala,https://internshala.com/internship/detail/work-from-home-machine-learning-internship-at-careernest1767932324,2026-01-11 06:18:54
Artificial Intelligence (AI),"Vijayi WFH Technologies Private Limited                        
Actively hiring",Gurgaon,"₹ 15,000 - 25,000 /month",,5 Months,Internship,Internshala,https://internshala.com/internship/detail/artificial-intelligence-ai-internship-in-gurgaon-at-vijayi-wfh-technologies-private-limited1767932010,2026-01-11 06:18:54
AI Agent Development,"International Institute Of SDGs & Public Policy Research                        
Actively hiring",Work from home,Unpaid,,4 Months,Internship,Internshala,https://internshala.com/internship/detail/work-from-home-ai-agent-development-internship-at-international-institute-of-sdgs-public-policy-research1767904114,2026-01-11 06:18:54
Product Management,"FynTune Solution Private Limited                        
Actively hiring","Thane, Navi Mumbai, Turbhe","₹ 12,000 - 18,000 /month",,6 Months,Internship,Internshala,https://internshala.com/internship/detail/product-management-internship-in-multiple-locations-at-fyntune-solution-private-limited1765776021,2026-01-11 06:19:00
Manual Testing,"Ask First                        
Actively hiring",Hyderabad,"₹ 8,000 - 12,000 /month",,6 Months,Internship,Internshala,https://internshala.com/internship/detail/manual-testing-internship-in-hyderabad-at-ask-first1767896976,2026-01-11 06:19:00
Android App Development,"Practice Buzz                        
Actively hiring",Chandigarh,"₹ 20,000 - 50,000 /month",,6 Months,Internship,Internshala,https://internshala.com/internship/detail/android-app-development-internship-in-chandigarh-at-practice-buzz1767938712,2026-01-11 06:19:00
Product Analyst,"CloudBird Digital Private Limited                        
Actively hiring",Noida,"₹ 5,000 /month",,6 Months,Internship,Internshala,https://internshala.com/internship/detail/product-analyst-internship-in-noida-at-cloudbird-digital-private-limited1767950415,2026-01-11 06:19:00
Java Development,"Unnati Enterprises                        
Actively hiring","Secunderabad, Hyderabad","₹ 40,000 - 50,000 /month",,2 Months,Internship,Internshala,https://internshala.com/internship/detail/java-development-internship-in-multiple-locations-at-unnati-enterprises1767981319,2026-01-11 06:19:00
Embedded Systems,"Limelight                        
Actively hiring",Ahmedabad,"₹ 10,000 - 19,000 /month",,5 Months,Internship,Internshala,https://internshala.com/internship/detail/embedded-systems-internship-in-ahmedabad-at-limelight1768053336,2026-01-11 06:19:00
Mobile App Development,"ZAPPYEVENTS TECH PRIVATE LIMITED                        
Actively hiring","Chennai, Delhi, Gurgaon","₹ 15,000 - 25,000 /month",,6 Months,Internship,Internshala,https://internshala.com/internship/detail/mobile-app-development-internship-in-multiple-locations-at-zappyevents-tech-private-limited1768041498,2026-01-11 06:19:00
Video Editor,"Swing Saga                        
Actively hiring","Delhi, Ghaziabad, Noida, Greater Noida West","₹ 8,000 - 15,000 /month",,5 Months,Internship,Internshala,https://internshala.com/internship/detail/video-editor-internship-in-multiple-locations-at-swing-saga1767933171,2026-01-11 06:19:00
Software Development,"Bourne Cloud India Private Limited                        
Actively hiring",Chennai,"₹ 15,000 - 25,000 /month",,6 Months,Internship,Internshala,https://internshala.com/internship/detail/software-development-internship-in-chennai-at-bourne-cloud-india-private-limited1767940669,2026-01-11 06:19:00
Computer Application IT,"Kesoram Rayon                        
Actively hiring",Kolkata,"₹ 20,000 - 30,000 /month",,12 Months,Internship,Internshala,https://internshala.com/internship/detail/computer-application-it-internship-in-kolkata-at-kesoram-rayon1766382619,2026-01-11 06:19:00
Full Stack Development,"Imarticus Learning Private Limited                        
Actively hiring",Noida,"₹ 15,000 - 25,000 /month",,6 Months,Internship,Internshala,https://internshala.com/internship/detail/full-stack-development-internship-in-noida-at-imarticus-learning-private-limited1764043726,2026-01-11 06:19:00
Bug Testing,"International Institute Of SDGs & Public Policy Research                        
Actively hiring",Work from home,Unpaid,,3 Months,Internship,Internshala,https://internshala.com/internship/detail/work-from-home-part-time-bug-testing-internship-at-international-institute-of-sdgs-public-policy-research1768053480,2026-01-11 06:19:00
Product Management,"DharmaIQ                        
Actively hiring",Bangalore,"₹ 80,000 - 1,20,001 /month",,3 Months,Internship,Internshala,https://internshala.com/internship/detail/product-management-internship-in-bangalore-at-dharmaiq1768025340,2026-01-11 06:19:00
Production And Quality,"Thermostat And Controls                        
Actively hiring",Vasai,"₹ 10,000 - 14,000 /month",,6 Months,Internship,Internshala,https://internshala.com/internship/detail/production-and-quality-internship-in-vasai-at-thermostat-and-controls1767854314,2026-01-11 06:19:00
Unity Developer,"AR Genie Inc.                        
Actively hiring",Dehradun,"₹ 10,000 /month",,3 Months,Internship,Internshala,https://internshala.com/internship/detail/unity-developer-internship-in-dehradun-at-ar-genie-inc1766562248,2026-01-11 06:19:00
Flutter Development,"Maxgen Technologies Private Limited                        
Actively hiring",Pune,"₹ 5,000 - 12,000 /month",,3 Months,Internship,Internshala,https://internshala.com/internship/detail/flutter-development-internship-in-pune-at-maxgen-technologies-private-limited1767978235,2026-01-11 06:19:00
Performance Marketing (Meta & Google Ads),"Nathaniel School Of Music                        
Actively hiring",Bangalore,"₹ 8,000 - 10,000 /month",,4 Months,Internship,Internshala,https://internshala.com/internship/detail/performance-marketing-meta-google-ads-internship-in-bangalore-at-nathaniel-school-of-music1767959361,2026-01-11 06:19:00
PHP Developer,"FynTune Solution Private Limited                        
Actively hiring","Navi Mumbai, Mumbai","₹ 12,000 - 18,000 /month",,6 Months,Internship,Internshala,https://internshala.com/internship/detail/php-developer-internship-in-multiple-locations-at-fyntune-solution-private-limited1767603574,2026-01-11 06:19:00
Mobile App Development,"International Institute Of SDGs & Public Policy Research                        
Actively hiring",Work from home,Unpaid,,3 Months,Internship,Internshala,https://internshala.com/internship/detail/work-from-home-mobile-app-development-internship-at-international-institute-of-sdgs-public-policy-research1768007246,2026-01-11 06:19:00
Product Management,"International Institute Of SDGs & Public Policy Research                        
Actively hiring",Work from home,Unpaid,,4 Months,Internship,Internshala,https://internshala.com/internship/detail/work-from-home-product-management-internship-at-international-institute-of-sdgs-public-policy-research1767904634,2026-01-11 06:19:00
Video Editing/Making,"Rejuve India Meditour Private Limited                        
Actively hiring",Gurgaon,"₹ 10,000 - 15,000 /month",,6 Months,Internship,Internshala,https://internshala.com/internship/detail/video-editing-making-internship-in-gurgaon-at-rejuve-india-meditour-private-limited1767858202,2026-01-11 06:19:00
.NET Development,"COEPD (Center Of Excellence For Professional Development)                        
Actively hiring",Hyderabad,"₹ 5,000 - 6,500 /month",,6 Months,Internship,Internshala,https://internshala.com/internship/detail/net-development-internship-in-hyderabad-at-coepd-center-of-excellence-for-professional-development1767334938,2026-01-11 06:19:00
iOS App Development,"Vijayi WFH Technologies Private Limited                        
Actively hiring",Gurgaon,"₹ 15,000 - 25,000 /month",,5 Months,Internship,Internshala,https://internshala.com/internship/detail/ios-app-development-internship-in-gurgaon-at-vijayi-wfh-technologies-private-limited1767932640,2026-01-11 06:19:00
QA Testing,Durai Kumaran,Chennai,"₹ 10,000 /month",,6 Months,Internship,Internshala,https://internshala.com/internship/detail/qa-testing-internship-in-chennai-at-durai-kumaran1767975313,2026-01-11 06:19:00
WordPress Development,LNS Mundra,Mumbai,"₹ 5,000 /month",,3 Months,Internship,Internshala,https://internshala.com/internship/detail/wordpress-development-internship-in-mumbai-at-lns-mundra1767959647,2026-01-11 06:19:00
Product Management,Gurucool,Jaipur,"₹ 10,000 /month",,6 Months,Internship,Internshala,https://internshala.com/internship/detail/product-management-internship-in-jaipur-at-gurucool1767957365,2026-01-11 06:19:00
Pine Script (in TradingView)/Python Developer,Algoji Enterprises Private Limited,"Faridabad, Delhi, Ghaziabad, Gurgaon, Meerut, Hapur, Greater Noida, Noida","₹ 5,000 - 8,000 /month",,6 Months,Internship,Internshala,https://internshala.com/internship/detail/pine-script-in-tradingview-python-developer-internship-in-multiple-locations-at-algoji-enterprises-private-limited1767955948,2026-01-11 06:19:00
IT Business Operations  (Web Domain Operations & Governance),Mobrevenu Digital Services.,Gurgaon,"₹ 13,000 /month",,2 Months,Internship,Internshala,https://internshala.com/internship/detail/it-business-operations-web-domain-operations-governance-internship-in-gurgaon-at-mobrevenu-digital-services1767955518,2026-01-11 06:19:00
Network Support,Pragyavani Solutions LLP,Lucknow,"₹ 5,000 - 8,000 /month",,6 Months,Internship,Internshala,https://internshala.com/internship/detail/network-support-internship-in-lucknow-at-pragyavani-solutions-llp1767852783,2026-01-11 06:19:00
Django,Incra Soft Private Limited,Hyderabad,"₹ 11,000 - 12,000 /month",,6 Months,Internship,Internshala,https://internshala.com/internship/detail/django-internship-in-hyderabad-at-incra-soft-private-limited1767850533,2026-01-11 06:19:00
Embedded C Developer,Neonflake Enterprises (OPC) Private Limited,"Secunderabad, Hyderabad","₹ 12,000 /month",,6 Months,Internship,Internshala,https://internshala.com/internship/detail/embedded-c-developer-internship-in-multiple-locations-at-neonflake-enterprises-opc-private-limited1767776251,2026-01-11 06:19:00
Web Development,DIGITVILLA LLP,Ranchi,"₹ 2,000 - 5,000 /month",,2 Months,Internship,Internshala,https://internshala.com/internship/detail/web-development-internship-in-ranchi-at-digitvilla-llp1767767731,2026-01-11 06:19:00
Software Development Engineering (Web),Fuzen Apps Solution Private Limited,Nashik,"₹ 6,000 - 8,000 /month",,3 Months,Internship,Internshala,https://internshala.com/internship/detail/software-development-engineering-web-internship-in-nashik-at-fuzen-apps-solution-private-limited1767697111,2026-01-11 06:19:00
Pre-Sales,Techdefence Labs Solutions Limited,Ahmedabad,"₹ 12,000 - 15,000 /month",,6 Months,Internship,Internshala,https://internshala.com/internship/detail/pre-sales-internship-in-ahmedabad-at-techdefence-labs-solutions-limited1767668037,2026-01-11 06:19:00
WordPress Development,ViralChilly,Jaipur,"₹ 3,000 - 5,000 /month",,3 Months,Internship,Internshala,https://internshala.com/internship/detail/wordpress-development-internship-in-jaipur-at-viralchilly1767603836,2026-01-11 06:19:00
PHP Training,Webgenesis,Jaipur,"₹ 2,000 - 2,500 /month",,3 Months,Internship,Internshala,https://internshala.com/internship/detail/php-training-internship-in-jaipur-at-webgenesis1767589175,2026-01-11 06:19:00
Web Development,Reach Skyline,Madurai,"₹ 3,500 - 8,000 /month",,3 Months,Internship,Internshala,https://internshala.com/internship/detail/web-development-internship-in-madurai-at-reach-skyline1767347036,2026-01-11 06:19:00
PHP Development,Ameliorate Corporate Solutions Private Limited,Zirakpur,"₹ 5,000 - 6,000 /month",,2 Months,Internship,Internshala,https://internshala.com/internship/detail/php-development-internship-in-zirakpur-at-ameliorate-corporate-solutions-private-limited1767183908,2026-01-11 06:19:00
Flutter Development,Papaya Coders,Lucknow,"₹ 4,500 - 6,000 /month",,6 Months,Internship,Internshala,https://internshala.com/internship/detail/flutter-development-internship-in-lucknow-at-papaya-coders1767160412,2026-01-11 06:19:00
AWS DevOps Engineer,Codewise Infotech Private Limited,Indore,"₹ 5,000 - 8,000 /month",,6 Months,Internship,Internshala,https://internshala.com/internship/detail/aws-devops-engineer-internship-in-indore-at-codewise-infotech-private-limited1767005926,2026-01-11 06:19:00
Software Development,Enable Now Technology Solutions Private Limited,Srinagar,"₹ 6,000 - 7,000 /month",,6 Months,Internship,Internshala,https://internshala.com/internship/detail/software-development-internship-in-srinagar-at-enable-now-technology-solutions-private-limited1766729442,2026-01-11 06:19:00
Creative Design,Carbolink India,Hyderabad,"₹ 2,000 - 4,000 /month",,6 Months,Internship,Internshala,https://internshala.com/internship/detail/creative-design-internship-in-hyderabad-at-carbolink-india1766727767,2026-01-11 06:19:00
Associate Google Workspace Administrator,Nandyavart Consultancy Services,Chandigarh,"₹ 6,000 - 8,000 /month",,6 Months,Internship,Internshala,https://internshala.com/internship/detail/associate-google-workspace-administrator-internship-in-chandigarh-at-nandyavart-consultancy-services1766549990,2026-01-11 06:19:00
Full Stack Development,DRAKON,Ernakulam,"₹ 5,000 - 10,000 /month",,3 Months,Internship,Internshala,https://internshala.com/internship/detail/full-stack-development-internship-in-ernakulam-at-drakon1766116880,2026-01-11 06:19:00
CRM Implementation Engineer,Viionn Labs,Indore,"₹ 2,000 - 5,000 /month",,4 Months,Internship,Internshala,https://internshala.com/internship/detail/crm-implementation-engineer-internship-in-indore-at-viionn-labs1766058086,2026-01-11 06:19:00
Tech Sales Expert,"Anvex AI Technologies                        
Actively hiring",Navi Mumbai,"₹ 5,000 - 8,000 /month",,6 Months,Internship,Internshala,https://internshala.com/internship/detail/tech-sales-expert-internship-in-navi-mumbai-at-anvex-ai-technologies1767600685,2026-01-11 06:19:06
Digital Transformation,KNAV CPA,Mumbai,"₹ 12,000 /month",,6 Months,Internship,Internshala,https://internshala.com/internship/detail/digital-transformation-internship-in-mumbai-at-knav-cpa1767955114,2026-01-11 06:19:06
