Name,Provider,Deadline
Andhra Pradesh ePASS,Scholarship Application Status & Application Number Search Online,No Last Date
Department of Sci & Tech,Women Scientists Scheme Scholarship,No Last Date
e-grantz Kerala,SC/ST/OBC Students Stipend/Application Status,No Last Date
Government of Madhya Pradesh,SAMAGRA Scholarship Tracking,No Last Date
Government of Uttar Pradesh,Check Status Post Graduate & Reimbursement,No Last Date
Shri Mahavira Jaina Vidyalaya,Application For General Scholarship,31st July Every Year
SJE Rajasthan,Check Scholarship Status & Application ID Recovery Online,No Last Date
Andhra Pradesh ePASS,Scholarship Application Status & Application Number Search Online,No Last Date
Department of Sci & Tech,Women Scientists Scheme Scholarship,No Last Date
e-grantz Kerala,SC/ST/OBC Students Stipend/Application Status,No Last Date
Government of Madhya Pradesh,SAMAGRA Scholarship Tracking,No Last Date
Government of Uttar Pradesh,Check Status Post Graduate & Reimbursement,No Last Date
Shri Mahavira Jaina Vidyalaya,Application For General Scholarship,31st July Every Year
SJE Rajasthan,Check Scholarship Status & Application ID Recovery Online,No Last Date
Andhra Pradesh ePASS,Scholarship Application Status & Application Number Search Online,No Last Date
Department of Sci & Tech,Women Scientists Scheme Scholarship,No Last Date
e-grantz Kerala,SC/ST/OBC Students Stipend/Application Status,No Last Date
Government of Madhya Pradesh,SAMAGRA Scholarship Tracking,No Last Date
Government of Uttar Pradesh,Check Status Post Graduate & Reimbursement,No Last Date
Shri Mahavira Jaina Vidyalaya,Application For General Scholarship,31st July Every Year
SJE Rajasthan,Check Scholarship Status & Application ID Recovery Online,No Last Date
Andhra Pradesh ePASS,Scholarship Application Status & Application Number Search Online,No Last Date
Department of Sci & Tech,Women Scientists Scheme Scholarship,No Last Date
e-grantz Kerala,SC/ST/OBC Students Stipend/Application Status,No Last Date
Government of Madhya Pradesh,SAMAGRA Scholarship Tracking,No Last Date
Government of Uttar Pradesh,Check Status Post Graduate & Reimbursement,No Last Date
Shri Mahavira Jaina Vidyalaya,Application For General Scholarship,31st July Every Year
SJE Rajasthan,Check Scholarship Status & Application ID Recovery Online,No Last Date
Andhra Pradesh ePASS,Scholarship Application Status & Application Number Search Online,No Last Date
Department of Sci & Tech,Women Scientists Scheme Scholarship,No Last Date
e-grantz Kerala,SC/ST/OBC Students Stipend/Application Status,No Last Date
Government of Madhya Pradesh,SAMAGRA Scholarship Tracking,No Last Date
Government of Uttar Pradesh,Check Status Post Graduate & Reimbursement,No Last Date
Shri Mahavira Jaina Vidyalaya,Application For General Scholarship,31st July Every Year
SJE Rajasthan,Check Scholarship Status & Application ID Recovery Online,No Last Date
Andhra Pradesh ePASS,Scholarship Application Status & Application Number Search Online,No Last Date
Department of Sci & Tech,Women Scientists Scheme Scholarship,No Last Date
e-grantz Kerala,SC/ST/OBC Students Stipend/Application Status,No Last Date
Government of Madhya Pradesh,SAMAGRA Scholarship Tracking,No Last Date
Government of Uttar Pradesh,Check Status Post Graduate & Reimbursement,No Last Date
Shri Mahavira Jaina Vidyalaya,Application For General Scholarship,31st July Every Year
SJE Rajasthan,Check Scholarship Status & Application ID Recovery Online,No Last Date
Andhra Pradesh ePASS,Scholarship Application Status & Application Number Search Online,No Last Date
Department of Sci & Tech,Women Scientists Scheme Scholarship,No Last Date
e-grantz Kerala,SC/ST/OBC Students Stipend/Application Status,No Last Date
Government of Madhya Pradesh,SAMAGRA Scholarship Tracking,No Last Date
Government of Uttar Pradesh,Check Status Post Graduate & Reimbursement,No Last Date
Shri Mahavira Jaina Vidyalaya,Application For General Scholarship,31st July Every Year
SJE Rajasthan,Check Scholarship Status & Application ID Recovery Online,No Last Date
Andhra Pradesh ePASS,Scholarship Application Status & Application Number Search Online,No Last Date
Department of Sci & Tech,Women Scientists Scheme Scholarship,No Last Date
e-grantz Kerala,SC/ST/OBC Students Stipend/Application Status,No Last Date
Government of Madhya Pradesh,SAMAGRA Scholarship Tracking,No Last Date
Government of Uttar Pradesh,Check Status Post Graduate & Reimbursement,No Last Date
Shri Mahavira Jaina Vidyalaya,Application For General Scholarship,31st July Every Year
SJE Rajasthan,Check Scholarship Status & Application ID Recovery Online,No Last Date
Andhra Pradesh ePASS,Scholarship Application Status & Application Number Search Online,No Last Date
Department of Sci & Tech,Women Scientists Scheme Scholarship,No Last Date
e-grantz Kerala,SC/ST/OBC Students Stipend/Application Status,No Last Date
Government of Madhya Pradesh,SAMAGRA Scholarship Tracking,No Last Date
Government of Uttar Pradesh,Check Status Post Graduate & Reimbursement,No Last Date
Shri Mahavira Jaina Vidyalaya,Application For General Scholarship,31st July Every Year
SJE Rajasthan,Check Scholarship Status & Application ID Recovery Online,No Last Date
